,iter,drug,tissue,model,feature,BIC,acc,tp,tn,fp,fn,roc_auc,brier,log_loss
0,0,crizotinib,LUAD,LR,TARGET,6.365944214709047,0.6666666666666666,1,7,1,3,0.6875,0.24805579591089053,0.689258474366913
1,1,crizotinib,LUAD,LR,TARGET,6.367830050569481,0.6666666666666666,0,8,0,4,0.59375,0.2469470594301966,0.6870394316574034
2,2,crizotinib,LUAD,LR,TARGET,6.371203650564398,0.5833333333333334,0,7,1,4,0.3125,0.24918338636120785,0.6915139907643922
3,0,crizotinib,LUAD,KNN,TARGET,NA,0.5833333333333334,0,7,1,4,0.4375,0.2638888888888889,0.7476016555115693
4,1,crizotinib,LUAD,KNN,TARGET,NA,0.75,1,8,0,3,0.609375,0.25,6.238324625039508
5,2,crizotinib,LUAD,KNN,TARGET,NA,0.6666666666666666,0,8,0,4,0.203125,0.2783333333333334,0.8016726540086259
